Index,PredictionTime_s
1,18.940820802003145
2,9.21533054113388
3,65.45618535787798
4,14.717329900013283
5,24.70607312093489
6,22.353160514030606
7,18.40991266607307
8,7.005378369009122
9,9.227434701053426
10,13.996562205953524
11,14.882139767054468
12,21.875470857834443
13,41.80507536092773
14,9.17557137995027
15,12.606691012857482
16,10.60561544704251
17,18.213468469912186
18,9.042317675892264
19,0.03906318102963269
20,12.953187842154875
mean,16.454582738282625
std,14.615495646356637
